<?xml version="1.0" encoding="UTF-8"?>
<project-private xmlns="http://www.netbeans.org/ns/project-private/1">
    <editor-bookmarks xmlns="http://www.netbeans.org/ns/editor-bookmarks/2" lastBookmarkId="0"/>
    <open-files xmlns="http://www.netbeans.org/ns/projectui-open-files/2">
        <group>
            <file>file:/Users/francis/NetBeansProjects/Autenticacion/src/java/es/uma/informatica/sii/jsf/autenticacion/Login.java</file>
            <file>file:/Users/francis/NetBeansProjects/Autenticacion/web/normal.xhtml</file>
            <file>file:/Users/francis/NetBeansProjects/Autenticacion/src/java/es/uma/informatica/sii/jsf/autenticacion/ControlAutorizacion.java</file>
            <file>file:/Users/francis/NetBeansProjects/Autenticacion/src/java/es/uma/informatica/sii/jsf/autenticacion/modelo/Usuario.java</file>
            <file>file:/Users/francis/NetBeansProjects/Autenticacion/web/login.xhtml</file>
            <file>file:/Users/francis/NetBeansProjects/Autenticacion/web/WEB-INF/templates/errorAutorizacion.xhtml</file>
            <file>file:/Users/francis/NetBeansProjects/Autenticacion/web/admin.xhtml</file>
            <file>file:/Users/francis/NetBeansProjects/Autenticacion/web/resources/css/cssLayout.css</file>
            <file>file:/Users/francis/NetBeansProjects/Autenticacion/web/WEB-INF/templates/plantilla.xhtml</file>
        </group>
    </open-files>
</project-private>
