<?xml version="1.0" encoding="UTF-8"?>
<project-private xmlns="http://www.netbeans.org/ns/project-private/1">
    <editor-bookmarks xmlns="http://www.netbeans.org/ns/editor-bookmarks/2" lastBookmarkId="0"/>
    <open-files xmlns="http://www.netbeans.org/ns/projectui-open-files/2">
        <group>
            <file>file:/D:/Users/franc/Google%20Drive/Ingenieria%20de%20Informatica/Curso2017-18/SIInternet/NetBeansProjects/AgendaEE/AgendaEE-ejb/src/java/es/uma/informatica/sii/agendaee/negocio/NegocioImpl.java</file>
            <file>file:/D:/Users/franc/Google%20Drive/Ingenieria%20de%20Informatica/Curso2017-18/SIInternet/NetBeansProjects/AgendaEE/AgendaEE-ejb/src/java/es/uma/informatica/sii/agendaee/negocio/Negocio.java</file>
        </group>
    </open-files>
</project-private>
